﻿[
	{
		"ID": "0",
		"Type": "N",
		"Actor": "Nash",
		"Image": "N",
		"Text": "They are going after me...So strange...",
		"Next": "1",
		"Sound": "N",
		"Effect": "N",
		"Chapter": "1",
		"Scene": "1-1"
	},
	{
		"ID": "1",
		"Type": "N",
		"Actor": "Nash",
		"Image": "N",
		"Text": "I'll be forced log out if they get me.",
		"Next": "2",
		"Sound": "N",
		"Effect": "N",
		"Chapter": "1",
		"Scene": "1-1"
	},
	{
		"ID": "2",
		"Type": "N",
		"Actor": "Nash",
		"Image": "N",
		"Text": "I cannot be {color:red}catched{color:end}{action:end}!",
		"Next": "-1",
		"Sound": "N",
		"Effect": "N",
		"Chapter": "1",
		"Scene": "1-1"
	},
	{
		"ID": "3",
		"Type": "N",
		"Actor": "Nash",
		"Image": "N",
		"Text": "Hey! Big guy!",
		"Next": "4",
		"Sound": "N",
		"Effect": "N",
		"Chapter": "1",
		"Scene": "1-1"
	},
	{
		"ID": "4",
		"Type": "N",
		"Actor": "Nash",
		"Image": "N",
		"Text": "I'll kill you{action:end}!",
		"Next": "-1",
		"Sound": "N",
		"Effect": "N",
		"Chapter": "1",
		"Scene": "1-1"
	}
]