[{"id":"0","english":"Game Start"},{"id":"1","english":"Pause"},{"id":"2","english":"Settings"},{"id":"3","english":"Run, Run away…"},{"id":"4","english":"Time is ticking out"},{"id":"5","english":"Kill an enemy"},{"id":"10000","english":"Lyu"},{"id":"10001","english":"Todd"},{"id":"10002","english":"Jack"},{"id":"10003","english":"???"},{"id":"10004","english":"Ray"},{"id":"1010101001","english":"Hey, Lyu! Did you get the target information?"},{"id":"1010101002","english":"I think so, give me some time to check."},{"id":"1010101003","english":"Jack, male..."},{"id":"1010101004","english":"Wait... Jack again? Is this the third mission on this guy we got this month?"},{"id":"1010101005","english":"It seems like you need to drop a harder lesson."},{"id":"1010101006","english":"..."},{"id":"1010101007","english":"We are bounty hunters. They pay, we kill."},{"id":"1010101008","english":"You know, this dumb virtual world where you are living is ruleless"},{"id":"1010101009","english":"Alright…"},{"id":"1010101010","english":"It has been a while since the last workout. Let's see if you are rusty."},{"id":"1010102001","english":"The floor under your feet seems vulnerable. Break it!"},{"id":"1010103001","english":"Search around. The key should be nearby."},{"id":"1010104001","english":"I found some weird floating orbs in the air. Any idea about what they are?"},{"id":"1010104002","english":"Weird floating orbs? Are they in blue color?"},{"id":"1010104003","english":"Yes..."},{"id":"1010104004","english":"Wait... It can't be..."},{"id":"1010104005","english":"What happened?"},{"id":"1010104006","english":"Those orbs are data interpreters of this virtual world. They should not be seen by a human client. They would give you extra momentum for doing more staff."},{"id":"1010105001","english":"You... You... You again?! The goddamn \"E-Ghost\"!"},{"id":"1010105002","english":"I have been"},{"id":"1010105003","english":"forced to log out..."},{"id":"1010105004","english":"TWICE"},{"id":"1010105005","english":"BY YOU!"},{"id":"1010105006","english":"There will be no third time. In this distance, you are so dead."},{"id":"1010106001","english":"What was that?"},{"id":"1010106002","english":"Is everything ok?"},{"id":"1010106003","english":"I deflected a bullet."},{"id":"1010106004","english":"Hah, you must be kidding."},{"id":"1010106005","english":"It was real, Todd."},{"id":"1010106006","english":"..."},{"id":"1010106007","english":"Just focus on the mission, Lyu. It was weird and we will figure that out later."},{"id":"1010106008","english":"I am sure it was not a illusion. I just can feel a deeper connection with everything."},{"id":"1010201001","english":"It is weird. Why do those guards and drones keep chasing me? Jack was already forced to sign out and they are supposed to stop functioning."},{"id":"1010201002","english":"A girl?"},{"id":"1010201003","english":"..."},{"id":"1010201004","english":"Oh, they are still chasing. I'd better hurry."},{"id":"1010301001","english":"An emergency exit is located on the top of this building. I did not find any drones or guards nearby."},{"id":"1010301002","english":"Go across the dancing bar. The exit should be able to get you safely out of there."}]